{"schemaVersion":"1.0","appDefinitionTemplate":{"id":"/providers/Microsoft.PowerApps/apps/","type":"Microsoft.PowerApps/apps","tags":{"minimumRequiredApiVersion":"2.2.0"},"properties":{"appVersion":"2018-05-10T18:12:04Z","lifeCycleId":"Published","createdByClientVersion":{"major":3,"minor":18045,"build":15,"revision":0,"majorRevision":0,"minorRevision":0},"minClientVersion":{"major":3,"minor":18045,"build":15,"revision":0,"majorRevision":0,"minorRevision":0},"backgroundColor":"rgba(0, 176, 240, 1)","backgroundImageUri":"/13484678980512232740/N39d379ca-c575-4eb5-8d03-bb6b5f305d3d-logoSmallFile","displayName":"GDPR Request","description":"","appUris":{"documentUri":{"value":"/13484678980512232740/N3df5460c-11be-40c4-9510-55bd9d1f1653-document.msapp","readonlyValue":"/13484678980512232740/N3df5460c-11be-40c4-9510-55bd9d1f1653-document.msapp"},"imageUris":[]},"createdTime":"0001-01-01T00:00:00Z","lastModifiedTime":"0001-01-01T00:00:00Z","sharedGroupsCount":0,"sharedUsersCount":0,"icons":{"smallIconUri":"/13484678980512232740/Nb7f19adf-6700-4d3b-9560-ff381f48a41c-small.png","mediumIconUri":"/13484678980512232740/Nd283b8a2-5d2a-45bf-9262-8528009b9504-medium.png","largeIconUri":"/13484678980512232740/N5e3bcb22-9413-4a43-b8ea-80f2fed9ded9-large.png","wideIconUri":"/13484678980512232740/N12766894-7328-46a2-88df-2fd8e17fb07e-wide.png"},"connectionReferences":{"bcaec1a6-ca44-46e6-8a58-6046e6c9d92f":{"id":"34a5fa9e-37fb-436b-b35f-a0f31d51bcb1","displayName":"GDPR Hub Proxy","iconUri":"https://prodapiicons.cdn.powerappscdn.net/20180510t000000z6b4fc551b01f46c798ba23ef68c8bae8/customconnectoricon.png","dataSources":["GDPRHubProxy"],"dependencies":[],"dependents":[],"parameterHints":{},"isOnPremiseConnection":false,"bypassConsent":false,"dataSets":{},"apiTier":"Standard"}},"entityReferences":{}}}}